date_utc,unix,total_circulating_pegged_usd
2023-03-01,1677628800,41998033686
2023-03-02,1677715200,42086086516
2023-03-03,1677801600,42693916969
2023-03-04,1677888000,42990691625
2023-03-05,1677974400,43224112097
2023-03-06,1678060800,43489028917
2023-03-07,1678147200,43288611943
2023-03-08,1678233600,43227648530
2023-03-09,1678320000,43197203559
2023-03-10,1678406400,43176044700
2023-03-11,1678492800,42200261242
2023-03-12,1678579200,40661099587
2023-03-13,1678665600,40468620896
2023-03-14,1678752000,39082309637
2023-03-15,1678838400,38107230325
2023-03-16,1678924800,37201853852
2023-03-17,1679011200,36625309641
2023-03-18,1679097600,35900827555
2023-03-19,1679184000,35896107315
2023-03-20,1679270400,35864646603
