timestamp_utc,unix,open,high,low,close,volume
2023-03-10T00:00:00Z,1678406400,0.99993,0.99994,0.99993,0.99994,342.84219
2023-03-10T01:00:00Z,1678410000,0.99993,0.99993,0.99993,0.99993,1426.63770
2023-03-10T02:00:00Z,1678413600,0.99993,0.99993,0.99993,0.99993,52.75308
2023-03-10T03:00:00Z,1678417200,0.99993,0.99993,0.99992,0.99992,50849.62107
2023-03-10T04:00:00Z,1678420800,0.99992,1.00000,0.99992,0.99996,27260.75576
2023-03-10T05:00:00Z,1678424400,0.99996,1.00000,0.99996,1.00000,77400.31623
2023-03-10T06:00:00Z,1678428000,0.99999,1.00000,0.99980,1.00000,30505.57917
2023-03-10T07:00:00Z,1678431600,0.99999,1.00000,0.99995,0.99995,33531.70109
2023-03-10T08:00:00Z,1678435200,1.00000,1.00000,0.99930,0.99930,74140.62484
2023-03-10T09:00:00Z,1678438800,1.00000,1.00000,0.99997,0.99997,3359.70942
2023-03-10T10:00:00Z,1678442400,1.00000,1.00000,0.99998,1.00000,523.52873
2023-03-10T11:00:00Z,1678446000,0.99998,1.00000,0.99997,0.99999,130270.40443
2023-03-10T12:00:00Z,1678449600,1.00000,1.00000,0.99994,0.99999,17507.65817
2023-03-10T13:00:00Z,1678453200,0.99998,1.00002,0.99980,0.99998,8650.42623
2023-03-10T14:00:00Z,1678456800,0.99998,1.00002,0.99997,0.99997,1833.90137
2023-03-10T15:00:00Z,1678460400,0.99997,1.00003,0.99986,0.99997,52905.47720
2023-03-10T16:00:00Z,1678464000,0.99998,1.00002,0.99998,1.00002,20.00018
2023-03-10T17:00:00Z,1678467600,1.00002,1.00003,0.99998,1.00002,10809.73093
2023-03-10T18:00:00Z,1678471200,1.00001,1.00001,0.99694,0.99997,407245.63327
2023-03-10T19:00:00Z,1678474800,0.99997,0.99997,0.99986,0.99997,130522.37133
2023-03-10T20:00:00Z,1678478400,0.99998,0.99998,0.99930,0.99987,71531.70168
2023-03-10T21:00:00Z,1678482000,0.99988,0.99988,0.99700,0.99980,202002.25315
2023-03-10T22:00:00Z,1678485600,0.99984,0.99985,0.99101,0.99799,1005498.85630
2023-03-10T23:00:00Z,1678489200,0.99799,0.99807,0.99162,0.99773,409813.53963
2023-03-11T00:00:00Z,1678492800,0.99729,0.99854,0.99666,0.99666,202562.14060
2023-03-11T01:00:00Z,1678496400,0.99700,0.99911,0.99240,0.99792,726102.29736
2023-03-11T02:00:00Z,1678500000,0.99707,0.99971,0.99707,0.99930,113268.34932
2023-03-11T03:00:00Z,1678503600,0.99930,0.99975,0.97501,0.99700,842545.37994
2023-03-11T04:00:00Z,1678507200,0.99700,0.99700,0.96593,0.98622,1108754.04767
2023-03-11T05:00:00Z,1678510800,0.98637,0.99799,0.93120,0.93300,2068634.21887
2023-03-11T06:00:00Z,1678514400,0.93998,0.94078,0.82093,0.88194,1402386.95085
2023-03-11T07:00:00Z,1678518000,0.87879,0.88020,0.80526,0.86267,859447.32116
2023-03-11T08:00:00Z,1678521600,0.86247,0.92001,0.82500,0.92000,895520.04167
2023-03-11T09:00:00Z,1678525200,0.92001,0.92456,0.90033,0.90205,863706.66895
2023-03-11T10:00:00Z,1678528800,0.90157,0.91999,0.88364,0.88364,2119755.86206
2023-03-11T11:00:00Z,1678532400,0.88278,0.91000,0.87399,0.90911,660620.09376
2023-03-11T12:00:00Z,1678536000,0.90490,0.91950,0.88852,0.90446,1087594.35659
2023-03-11T13:00:00Z,1678539600,0.90447,0.91177,0.88852,0.91158,921574.63025
2023-03-11T14:00:00Z,1678543200,0.91176,0.91501,0.89880,0.91500,510437.49398
2023-03-11T15:00:00Z,1678546800,0.91501,0.92400,0.91064,0.92399,434023.21803
2023-03-11T16:00:00Z,1678550400,0.92399,0.92918,0.91418,0.92839,341234.60129
2023-03-11T17:00:00Z,1678554000,0.92839,0.95001,0.92186,0.95001,1582940.47073
2023-03-11T18:00:00Z,1678557600,0.95039,0.95540,0.94228,0.95359,271705.58634
2023-03-11T19:00:00Z,1678561200,0.95380,0.95480,0.94469,0.95480,236660.57433
2023-03-11T20:00:00Z,1678564800,0.95521,0.98760,0.95108,0.97333,415633.89663
2023-03-11T21:00:00Z,1678568400,0.97819,0.97880,0.93634,0.95891,458628.42498
2023-03-11T22:00:00Z,1678572000,0.95898,0.95974,0.94825,0.95002,568747.64473
2023-03-11T23:00:00Z,1678575600,0.95064,0.97211,0.94518,0.96853,357046.15840
2023-03-12T00:00:00Z,1678579200,0.96714,0.97000,0.96115,0.96763,321936.09806
2023-03-12T01:00:00Z,1678582800,0.96763,0.98502,0.96409,0.98500,920452.41514
2023-03-12T02:00:00Z,1678586400,0.98500,0.98501,0.97271,0.98500,699166.61341
2023-03-12T03:00:00Z,1678590000,0.98500,0.98502,0.98063,0.98500,616543.10830
2023-03-12T04:00:00Z,1678593600,0.98500,0.98515,0.97101,0.98500,1078218.86266
2023-03-12T05:00:00Z,1678597200,0.98501,0.98501,0.97528,0.98000,586753.38319
2023-03-12T06:00:00Z,1678600800,0.97999,0.97999,0.95696,0.95737,143460.61907
2023-03-12T07:00:00Z,1678604400,0.95681,0.95681,0.94470,0.94757,279373.16612
2023-03-12T08:00:00Z,1678608000,0.94863,0.95663,0.94692,0.95234,121223.02082
2023-03-12T09:00:00Z,1678611600,0.95381,0.95797,0.95368,0.95553,218196.21405
2023-03-12T10:00:00Z,1678615200,0.95786,0.95885,0.95739,0.95880,39261.84391
2023-03-12T11:00:00Z,1678618800,0.95909,0.96305,0.95711,0.95789,48020.36941
2023-03-12T12:00:00Z,1678622400,0.95890,0.95890,0.95509,0.95723,52185.91912
2023-03-12T13:00:00Z,1678626000,0.95752,0.96527,0.95296,0.95826,652606.45751
2023-03-12T14:00:00Z,1678629600,0.95864,0.96081,0.95341,0.95910,288840.15195
2023-03-12T15:00:00Z,1678633200,0.95910,0.96120,0.95542,0.95904,94108.94388
2023-03-12T16:00:00Z,1678636800,0.95827,0.95921,0.95826,0.95856,14972.09101
2023-03-12T17:00:00Z,1678640400,0.95899,0.96845,0.95898,0.96570,145978.74964
2023-03-12T18:00:00Z,1678644000,0.96568,0.97200,0.96078,0.96956,295084.40763
2023-03-12T19:00:00Z,1678647600,0.96860,0.97200,0.96410,0.96731,287411.59284
2023-03-12T20:00:00Z,1678651200,0.96723,0.97121,0.96679,0.96920,150258.48675
2023-03-12T21:00:00Z,1678654800,0.97112,0.97112,0.96772,0.96833,101931.70539
2023-03-12T22:00:00Z,1678658400,0.96812,0.99000,0.96773,0.98945,1032401.80666
2023-03-12T23:00:00Z,1678662000,0.98948,0.99419,0.98522,0.99153,248367.39847
2023-03-13T00:00:00Z,1678665600,0.99195,0.99551,0.95000,0.99516,1605465.27251
2023-03-13T01:00:00Z,1678669200,0.99492,0.99492,0.98898,0.99409,70878.47483
2023-03-13T02:00:00Z,1678672800,0.99409,0.99470,0.98720,0.99465,328746.24954
2023-03-13T03:00:00Z,1678676400,0.99465,0.99470,0.99301,0.99301,48805.87125
2023-03-13T04:00:00Z,1678680000,0.99331,0.99388,0.98761,0.99174,33825.49680
2023-03-13T05:00:00Z,1678683600,0.99035,0.99160,0.98954,0.99028,36564.58988
2023-03-13T06:00:00Z,1678687200,0.99048,0.99162,0.98892,0.99097,95878.48237
2023-03-13T07:00:00Z,1678690800,0.99097,0.99184,0.99074,0.99151,15043.08389
2023-03-13T08:00:00Z,1678694400,0.99126,0.99130,0.98385,0.98843,350580.69101
2023-03-13T09:00:00Z,1678698000,0.98843,0.99040,0.95000,0.99036,596737.35640
2023-03-13T10:00:00Z,1678701600,0.99036,0.99088,0.98955,0.99000,644349.67101
2023-03-13T11:00:00Z,1678705200,0.99043,0.99109,0.98830,0.99000,524795.08893
2023-03-13T12:00:00Z,1678708800,0.99034,0.99058,0.98193,0.99058,738941.56338
2023-03-13T13:00:00Z,1678712400,0.99059,0.99672,0.98668,0.99636,528159.67523
2023-03-13T14:00:00Z,1678716000,0.99666,0.99946,0.99054,0.99921,2262492.80340
2023-03-13T15:00:00Z,1678719600,0.99921,0.99955,0.99537,0.99866,1149229.05349
2023-03-13T16:00:00Z,1678723200,0.99885,0.99940,0.99761,0.99793,131577.78237
2023-03-13T17:00:00Z,1678726800,0.99752,0.99812,0.99706,0.99812,37890.02545
2023-03-13T18:00:00Z,1678730400,0.99815,0.99863,0.99740,0.99851,8059.43684
2023-03-13T19:00:00Z,1678734000,0.99889,0.99898,0.99750,0.99870,57602.07267
2023-03-13T20:00:00Z,1678737600,0.99870,0.99900,0.99700,0.99732,520910.82311
2023-03-13T21:00:00Z,1678741200,0.99834,0.99836,0.99000,0.99665,563727.51943
2023-03-13T22:00:00Z,1678744800,0.99634,0.99781,0.98852,0.99596,228011.90322
2023-03-13T23:00:00Z,1678748400,0.99620,0.99652,0.99139,0.99553,216608.29895
